date,close,volume,open,high,low
12:51,24.435,"2,284,659",24.48,24.7,24.28
8/13/2019,25.14,12419710,23.88,25.345,23.79
8/12/2019,23.92,10196280,24.59,24.84,23.805
8/9/2019,24.72,7308583,25.07,25.275,24.71
8/8/2019,25.36,9301884,25.02,25.37,24.69
8/7/2019,24.7,10635870,24.02,24.81,23.96
8/6/2019,24.27,10110280,24.45,24.73,24.06
8/5/2019,23.95,10797940,24.44,24.5,23.685
8/2/2019,25.03,8321967,25.18,25.45,24.89
8/1/2019,25.65,11023000,26.36,26.79,25.29
7/31/2019,26.26,9769086,26.9,27.01,26.01
7/30/2019,26.87,7175363,27,27.08,26.68
7/29/2019,27.28,4842620,27.33,27.41,27.01
7/26/2019,27.33,7531856,27.45,27.64,27.26
7/25/2019,27.21,15639190,26.95,27.39,26.8
7/24/2019,27.17,15198140,26.5,27.28,26.41
7/23/2019,26.5,6782352,26.09,26.52,25.98
7/22/2019,25.85,7112061,25.6,26.03,25.539
7/19/2019,25.92,7402033,26.6,26.614,25.85
7/18/2019,26.39,9970975,26.09,26.6494,26.05
7/17/2019,26.1,10488500,26.01,26.28,25.69
7/16/2019,25.73,6720022,25.99,26.14,25.59
7/15/2019,26.01,9393083,25.55,26.18,25.55
7/12/2019,25.4,5473486,24.99,25.41,24.92
7/11/2019,24.89,6004591,25.11,25.15,24.71
7/10/2019,25.1,7479537,24.87,25.285,24.75
7/9/2019,24.56,6013288,24.01,24.67,24
7/8/2019,24.14,4879932,24.05,24.25,23.89
7/5/2019,24.3,5074014,24.46,24.53,24.05
7/3/2019,24.57,7971031,24.45,24.65,24.12
7/2/2019,24.03,6300472,24.23,24.24,23.94
7/1/2019,24.27,14323760,24.94,24.975,23.995
6/28/2019,23.87,14472420,24.13,24.24,23.745
6/27/2019,23.89,6706236,23.98,24.35,23.82
6/26/2019,23.71,10674050,23.82,24.2,23.67
6/25/2019,23.41,6013674,23.78,23.99,23.4
6/24/2019,23.78,6229809,23.92,24.14,23.745
6/21/2019,23.97,11021380,24,24.14,23.725
6/20/2019,24.12,8621485,24.87,24.92,24.035
6/19/2019,24.31,5964182,24.55,24.69,24.24
6/18/2019,24.55,8869027,23.97,24.6,23.9215
6/17/2019,23.72,5066430,23.77,24.015,23.63
6/14/2019,23.83,5691293,23.62,23.995,23.43
6/13/2019,24.26,8078606,24.39,24.47,24.18
6/12/2019,24.06,7899737,24.48,24.5584,23.9
6/11/2019,24.67,11312680,24.91,25.07,24.33
6/10/2019,24.45,14926700,24.17,24.85,24.14
6/7/2019,24.05,12180360,23.85,24.18,23.56
6/6/2019,23.69,8467236,23.29,23.735,23.07
6/5/2019,23.17,10973880,23.58,23.9,22.85
6/4/2019,23.42,15107700,22.7,23.46,22.485
6/3/2019,22.35,10711030,22.29,22.8481,22.22
5/31/2019,22.3,19941270,22.26,22.64,21.79
5/30/2019,22.19,12816640,22.1,22.675,22.07
5/29/2019,22.02,14232400,22.02,22.21,21.53
5/28/2019,21.35,12785550,21.95,22.08,21.3
5/24/2019,21.92,4942717,22.2,22.41,21.91
5/23/2019,22.12,9991496,22.28,22.325,21.77
5/22/2019,22.6,10739370,22.12,22.63,22.02
5/21/2019,22.4,15334030,22.32,22.62,21.93
5/20/2019,21.74,17319320,22.06,22.33,21.57
5/17/2019,22.62,11575700,22.61,23.46,22.515
5/16/2019,23.1,9764720,22.61,23.28,22.35
5/15/2019,23.1,7282323,22.5,23.26,22.45
5/14/2019,22.89,10021220,22.49,22.955,22.32
5/13/2019,22.14,14438740,22.92,22.98,22.03
5/10/2019,23.51,7448570,23.36,23.7,22.92
5/9/2019,23.4,9471004,23.56,23.56,22.84
5/8/2019,23.86,7784368,23.71,24.13,23.67
5/7/2019,23.85,14175020,24.2,24.375,23.48
5/6/2019,24.43,8585474,23.63,24.49,23.55
5/3/2019,24.69,8489069,24.81,24.92,24.41
5/2/2019,24.71,8839073,24.64,24.99,24.45
5/1/2019,24.68,9213596,25.16,25.33,24.66
4/30/2019,25.02,16849900,25.02,25.33,24.86
4/29/2019,25.14,9200276,25.05,25.35,24.8
4/26/2019,25.06,18042910,24.89,25.125,24.75
4/25/2019,25.4,13973390,25.42,25.53,25.02
4/24/2019,25.47,15532600,25.32,25.735,25.25
4/23/2019,25.12,11041780,24.85,25.1965,24.75
4/22/2019,24.84,9349382,24.7,24.98,24.52
4/18/2019,24.85,14923240,24.91,25.24,24.77
4/17/2019,24.87,25137090,24.45,25.41,24.35
4/16/2019,24.01,19845070,23.83,24.19,23.68
4/15/2019,23.71,22392970,23.84,24.11,23.54
4/12/2019,23.74,27097210,22.97,23.93,22.9
4/11/2019,22.64,13544010,22.35,22.64,22.09
4/10/2019,22.34,23481160,21.72,22.38,21.6
4/9/2019,21.71,14212730,21.32,21.72,21.27
4/8/2019,21.44,12436890,21.14,21.51,21.1
4/5/2019,21.3,15739620,20.99,21.36,20.8064
4/4/2019,20.97,18746680,20.59,21.09,20.55
4/3/2019,20.63,18321300,20.48,20.875,20.39
4/2/2019,20.18,10597630,20.14,20.29,19.95
4/1/2019,20.25,10547500,20.12,20.31,20.005
3/29/2019,19.89,16221420,19.59,19.985,19.58
3/28/2019,19.42,12314320,19.92,20.07,19.39
3/27/2019,19.82,11039290,19.98,20.09,19.65
3/26/2019,19.69,6956896,19.92,20.11,19.51
3/25/2019,19.73,6611058,19.62,19.88,19.41
3/22/2019,19.71,11420400,20.6,20.69,19.65
3/21/2019,20.79,12556720,20.06,20.98,20
3/20/2019,20.01,8250316,20.21,20.35,19.97
3/19/2019,20.23,9266497,20.04,20.43,20.01
3/18/2019,19.95,7853106,20.09,20.15,19.67
3/15/2019,20.14,17339340,19.63,20.17,19.55
3/14/2019,19.41,5412168,19.66,19.81,19.36
3/13/2019,19.69,7583660,19.88,19.975,19.63
3/12/2019,19.79,13459170,19.44,19.98,19.33
3/11/2019,19.38,12695230,18.8,19.475,18.8
3/8/2019,18.68,21581010,18.65,18.82,18.08
3/7/2019,19.17,22324150,19.54,19.56,19.07
3/6/2019,19.6,10402720,20.05,20.11,19.6
3/5/2019,20.05,7351379,20.06,20.22,19.95
3/4/2019,20.14,11136240,20.18,20.37,19.84
3/1/2019,20.03,10151940,20.09,20.18,19.61
2/28/2019,19.95,12906580,19.58,20.28,19.565
2/27/2019,19.71,6274090,19.77,19.865,19.57
2/26/2019,19.88,11492040,19.64,19.95,19.57
2/25/2019,19.7,10597500,20,20.05,19.68
2/22/2019,19.65,7372713,19.75,19.89,19.56
2/21/2019,19.61,6174159,19.72,19.8,19.505
2/20/2019,19.8,12249830,19.32,19.925,19.27
2/19/2019,19.31,12043700,19.05,19.44,18.915
2/15/2019,18.83,12615830,19.37,19.37,18.7601
2/14/2019,19.19,9542882,19.2,19.42,19.135
2/13/2019,19.29,11678290,19.53,19.71,19.235
2/12/2019,19.4,16531290,19.3,19.56,19.23
2/11/2019,19.05,9159212,18.48,19.06,18.365
2/8/2019,18.39,7981390,18.03,18.45,17.98
2/7/2019,18.33,21169910,17.98,18.49,17.95
2/6/2019,19.04,18214110,18.9,19.17,18.85
2/5/2019,18.66,7958783,18.39,18.72,18.285
2/4/2019,18.57,5038414,18.46,18.63,18.25
2/1/2019,18.41,7979789,18.55,18.665,18.285
1/31/2019,18.53,11476570,18.3,18.71,18.155
1/30/2019,18.37,9648351,18.44,18.475,18.155
1/29/2019,18.13,10201160,18.42,18.48,17.9
1/28/2019,18.36,12972300,17.94,18.57,17.8
1/25/2019,18.57,29600360,17.82,18.86,17.77
1/24/2019,17.5,19959270,17,17.855,16.97
1/23/2019,16.68,10392130,16.73,16.95,16.54
1/22/2019,16.66,10432880,16.76,16.8158,16.395
1/18/2019,16.88,18502120,16.68,17.25,16.53
1/17/2019,16.52,12739780,16.52,16.6,16.33
1/16/2019,16.64,8583036,16.84,16.99,16.63
1/15/2019,16.84,10149530,17.05,17.27,16.79
1/14/2019,17.04,6863243,17.13,17.25,16.97
1/11/2019,17.33,15120040,17.01,17.48,16.95
1/10/2019,17.11,10672170,16.98,17.2,16.79
1/9/2019,17.09,7767517,16.81,17.11,16.74
1/8/2019,16.69,10636910,16.81,16.89,16.43
1/7/2019,16.61,8329435,16.27,16.7,16.25
1/4/2019,16.24,13825110,16.13,16.38,15.99
1/3/2019,15.77,12962370,16.14,16.39,15.7
1/2/2019,16.5,18505920,15.9,16.76,15.81
12/31/2018,16.19,12795660,15.88,16.22,15.83
12/28/2018,15.65,6669417,15.79,15.935,15.585
12/27/2018,15.7,8725259,15.26,15.71,15.18
12/26/2018,15.47,9754976,14.58,15.48,14.34
12/24/2018,14.41,4340089,14.77,14.84,14.4
12/21/2018,14.89,13024970,14.99,15.18,14.71
12/20/2018,14.85,12834040,14.76,15.33,14.63
12/19/2018,14.76,13503320,15.36,15.76,14.715
12/18/2018,15.44,12518310,15.36,15.99,15.36
12/17/2018,15.25,8722590,15.29,15.5,15.1
12/14/2018,15.38,9006473,15.49,15.645,15.3
12/13/2018,15.65,20931690,15.92,16,15.38
12/12/2018,15.35,12789000,15.58,15.905,15.34
12/11/2018,15.3,7893636,15.64,15.75,15.25
12/10/2018,15.35,11647860,15.4,15.7,15.19
12/7/2018,15.44,10756630,15.93,16.08,15.32
12/6/2018,16.09,27995850,15.97,16.25,15.26
12/4/2018,15.5,16108260,16.28,16.36,15.47
12/3/2018,16.38,9392925,16.53,16.72,16.32
11/30/2018,16.11,10689490,15.99,16.16,15.795
11/29/2018,16.07,6814014,15.97,16.31,15.88
11/28/2018,16.1,8329336,16.09,16.19,15.7
11/27/2018,16.02,9741466,15.9,16.17,15.6
11/26/2018,15.98,11317480,15.83,16,15.63
11/23/2018,15.65,2519812,15.46,15.78,15.43
11/21/2018,15.67,5389330,15.52,15.79,15.39
11/20/2018,15.22,9055092,14.73,15.435,14.69
11/19/2018,15.19,9176655,15.87,15.9,15.14
11/16/2018,15.9,14017590,15.73,16.095,15.6
11/15/2018,16.1,12061670,15.57,16.37,15.57
11/14/2018,15.73,7704449,15.93,16.09,15.585
11/13/2018,15.72,12515450,15.81,16.15,15.62
11/12/2018,15.79,8907986,16.1,16.1343,15.56
11/9/2018,16.39,8853402,16.5,16.52,16.18
11/8/2018,16.71,7662158,16.76,16.935,16.605
11/7/2018,16.88,8987861,17.02,17.05,16.56
11/6/2018,16.86,9406732,17.09,17.27,16.735
11/5/2018,17.14,6203662,17.44,17.55,16.97
11/2/2018,17.59,10276320,17.41,17.625,16.87
11/1/2018,17.58,14165960,16.44,17.66,16.44
10/31/2018,16.41,9366709,16.41,16.63,16.18
10/30/2018,16.13,13039330,15.5,16.14,15.48
10/29/2018,15.6,12271790,15.81,16.205,15.305
10/26/2018,15.68,19423670,16.15,16.16,15.34
10/25/2018,16.84,16426610,16.9,17.16,16.75
10/24/2018,16.54,12439610,17.2,17.29,16.53
10/23/2018,17.54,14310920,17.42,17.905,17.1
10/22/2018,18,11774400,17.91,18.08,17.405
10/19/2018,17.76,8421365,18.2,18.45,17.57
10/18/2018,18.09,10600950,18.77,18.88,17.965
10/17/2018,18.96,17448770,19.07,19.1,18.38
10/16/2018,18.87,20762490,18.34,19.12,18.29
10/15/2018,18.12,11876820,18.13,18.475,17.97
10/12/2018,18.01,12997400,18.39,18.46,17.83
10/11/2018,17.72,18080920,17.41,18.56,17.18
10/10/2018,17.38,15403910,18.15,18.2,17.37
10/9/2018,18.47,16556330,18.25,18.66,18
10/8/2018,18.35,11235110,18.5,18.63,18.08
10/5/2018,18.6,10234960,19.22,19.42,18.3268
10/4/2018,19.28,9868332,19.45,19.65,19.15
10/3/2018,19.57,11297210,19.5,19.62,19.14
10/2/2018,19.4,12588280,19.21,19.635,19.18
10/1/2018,19.27,10742690,19.39,19.485,19.11
9/28/2018,19.3,14834630,18.66,19.3079,18.64
9/27/2018,18.71,11470520,18.56,18.98,18.42
9/26/2018,18.49,9113749,18.52,18.72,18.345
9/25/2018,18.59,9242375,18.96,18.98,18.49
9/24/2018,18.88,8823338,18.66,18.89,18.52
9/21/2018,18.85,15210370,18.75,18.92,18.56
9/20/2018,18.85,13845930,18.52,18.985,18.52
9/19/2018,18.45,11284670,18.74,18.93,18.31
9/18/2018,18.66,11314960,18.67,18.7,18.35
9/17/2018,18.44,8616918,18.72,18.87,18.365
9/14/2018,18.97,14127650,18.56,19.08,18.47
9/13/2018,18.54,14651700,18.5,18.665,18.135
9/12/2018,18.33,11904750,18.56,18.69,18.16
9/11/2018,18.8,15129130,18.69,19.13,18.55
9/10/2018,19.03,19795180,19.57,19.62,18.83
9/7/2018,19.45,36017180,20.9,20.9,19.28
9/6/2018,19.46,18805640,20.45,20.62,19.45
9/5/2018,20.48,9057535,20.7,20.75,20.4
9/4/2018,20.7,9747116,20.58,20.89,20.44
8/31/2018,20.68,8583837,20.88,21.08,20.62
8/30/2018,20.85,5515670,21.09,21.16,20.76
8/29/2018,21.07,8211424,20.61,21.235,20.55
8/28/2018,20.59,9077674,20.52,20.67,20.35
8/27/2018,20.49,7724109,20.64,20.92,20.48
8/24/2018,20.49,3692330,20.43,20.54,20.325
8/23/2018,20.24,4981291,20.46,20.65,20.21
8/22/2018,20.44,3587258,20.21,20.55,20.12
8/21/2018,20.3,7167492,19.96,20.39,19.85
8/20/2018,19.84,9106212,19.9,20.09,19.48
8/17/2018,19.78,12336670,20.39,20.39,19.715
8/16/2018,20.27,8068897,20.2,20.4,20.06
8/15/2018,20.09,9306577,20.28,20.44,19.89
8/14/2018,20.49,7805355,20.86,20.91,20.47
8/13/2018,20.79,5690301,20.91,21.08,20.77
8/10/2018,20.91,6187989,21.15,21.34,20.81
8/9/2018,21.69,3208167,22.02,22.05,21.67
8/8/2018,22.1,4788956,22.12,22.25,21.99
8/7/2018,22.17,5093660,21.95,22.185,21.835
8/6/2018,21.85,4740437,21.27,21.88,21.24
8/3/2018,21.37,6762819,21.5,21.64,21.175
8/2/2018,21.57,4599685,21,21.57,20.97
8/1/2018,21.2,8826724,21.3,21.615,21.09
7/31/2018,21.31,6984544,21.4,21.63,21.05
7/30/2018,21.24,5388484,21.79,21.89,20.985
7/27/2018,21.67,9672460,22.05,22.36,21.54
7/26/2018,22.06,8983860,21.65,22.12,21.65
7/25/2018,21.7,7758977,21.52,21.79,21.2
7/24/2018,21.55,7558439,21.98,22.195,21.45
7/23/2018,21.74,7645852,21.71,21.9,21.345
7/20/2018,21.86,7805857,21.65,22.115,21.46
7/19/2018,21.71,8743338,21.57,21.74,21.29
7/18/2018,21.58,7015443,21.7,21.9,21.37
7/17/2018,21.7,11202760,21.02,21.78,20.93
7/16/2018,21.15,10419680,21.86,21.97,21.14
7/13/2018,21.86,7650465,22.04,22.18,21.73
7/12/2018,22.14,10913970,21.98,22.26,21.75
7/11/2018,21.74,12151610,22.15,22.4,21.72
7/10/2018,22.66,28785550,22.21,22.915,22.2
7/9/2018,22.01,11517230,21.87,22.03,21.545
7/6/2018,21.63,7891889,21.21,21.75,21.1
7/5/2018,21.34,10280110,21.19,21.34,20.93
7/3/2018,21.02,7859373,21.45,21.59,20.92
7/2/2018,21.47,10319650,21.08,21.495,20.76
6/29/2018,21.44,19429240,21.73,22.055,21.365
6/28/2018,21.77,34398080,21.68,22.0881,21.1601
6/27/2018,20.12,11348320,20.85,20.865,20.12
6/26/2018,19.91,10045250,20.29,20.29,19.81
6/25/2018,20.18,9398334,20.98,21.02,19.98
6/22/2018,21.31,6890827,21.39,21.45,20.93
6/21/2018,21.24,4799886,21.94,22.09,21.22
6/20/2018,21.75,5308799,21.44,21.97,21.35
6/19/2018,21.32,10731760,21.53,21.63,20.775
6/18/2018,21.77,5472061,21.73,21.82,21.445
6/15/2018,21.91,7032106,21.9,22,21.565
6/14/2018,21.76,6296540,22.04,22.1,21.48
6/13/2018,22,10431130,21.71,22.1,21.61
6/12/2018,21.61,5355773,21.32,21.64,21.32
6/11/2018,21.37,10988600,21.66,21.91,21.27
6/8/2018,21.75,9299625,21.86,22,21.35
6/7/2018,22.2,13699900,22.42,22.95,22.16
6/6/2018,22.11,4966563,22.06,22.14,21.73
6/5/2018,22.03,5685936,22.2,22.2,21.81
6/4/2018,22.09,7150021,22.29,22.46,21.81
6/1/2018,22.17,10532890,21.9,22.68,21.54
5/31/2018,21.54,12730940,21.91,22.07,21.32
5/30/2018,21.99,9406963,22.17,22.18,21.57
5/29/2018,21.94,8725182,22.26,22.55,21.79
5/25/2018,22.49,24161420,22.54,22.75,22.15
5/24/2018,21.95,7348985,22,22.145,21.76
5/23/2018,22.05,5251268,21.83,22.085,21.72
5/22/2018,21.92,6113347,21.62,22.09,21.5
5/21/2018,21.44,7312009,21.9,22.02,21.355
5/18/2018,21.42,8304131,21.49,21.69,21.29
5/17/2018,21.63,7937116,21.8,22.13,21.56
5/16/2018,21.87,5308094,21.79,21.89,21.47
5/15/2018,21.7,6289228,21.8,21.865,21.405
5/14/2018,21.93,13913770,21.85,22.71,21.7
5/11/2018,21.02,6120713,21.31,21.39,20.82
5/10/2018,21.44,3870616,21.43,21.48,21.21
5/9/2018,21.29,4132973,21.08,21.42,21
5/8/2018,21.08,6222549,20.78,21.15,20.7359
5/7/2018,20.8,7352410,21.3,21.49,20.74
5/4/2018,21.25,7676616,20.7,21.31,20.54
5/3/2018,20.8,19833630,20.2,20.885,19.43
5/2/2018,20.56,4944377,20.31,20.63,20.22
5/1/2018,20.32,4686376,19.88,20.35,19.8
4/30/2018,20.06,5808816,20.41,20.53,19.97
4/27/2018,20.35,5452815,21.06,21.06,20.33
4/26/2018,20.89,5374409,20.64,20.91,20.5
4/25/2018,20.38,5170596,20.58,20.68,20.185
4/24/2018,20.65,10595190,20.65,21.34,20.52
4/23/2018,20.36,5940720,20.61,20.78,20.35
4/20/2018,20.54,8796389,21.15,21.37,20.49
4/19/2018,21.04,10515550,21.55,21.84,20.98
4/18/2018,22.02,4904311,22.4,22.5,21.985
4/17/2018,22.25,4741430,21.95,22.25,21.9
4/16/2018,21.76,5773210,22.19,22.22,21.625
4/13/2018,22.01,8147561,22.63,22.66,21.73
4/12/2018,22.42,7176826,22.31,22.43,22.12
4/11/2018,22.07,10299940,21.4,22.4,21.4
4/10/2018,21.48,8783838,21.3,21.64,21.05
4/9/2018,20.6,5721217,20.7,21.18,20.565
4/6/2018,20.51,8922504,20.83,21.13,20.46
4/5/2018,21.13,11734410,21.55,21.59,21.035
4/4/2018,20.8,7079706,19.9,20.85,19.79
4/3/2018,20.42,8575155,20.54,20.66,20.13
4/2/2018,20.2,6996014,20.84,20.88,20.05
3/29/2018,21,8751854,20.64,21.095,20.5
3/28/2018,20.52,10365990,21.18,21.39,20.4
3/27/2018,21.39,7224868,22.32,22.37,21.24
3/26/2018,22.21,6215631,21.97,22.37,21.749
3/23/2018,21.48,6875445,22.16,22.36,21.47
3/22/2018,22.06,6787328,22.64,22.945,22.05
3/21/2018,23,5938462,23.04,23.38,22.92
3/20/2018,23.12,7531088,22.9,23.27,22.8
3/19/2018,22.82,11348410,22.93,23.275,22.55
3/16/2018,23.18,6957895,23.35,23.45,23.05
3/15/2018,23.19,10865340,23.52,23.77,23.02
3/14/2018,23.4,19368130,23,23.46,22.47
3/13/2018,22.94,22301970,24.1,24.535,22.8
3/12/2018,24.37,17783780,24.56,24.63,23.67
3/9/2018,24.34,17308940,24.21,25.18,23.85
3/8/2018,24.32,16919700,23.9,24.42,23.615
3/7/2018,23.69,14776260,23.5,23.85,23.3272
3/6/2018,23.57,7220934,23.55,23.68,23.27
3/5/2018,23.49,6060979,23.22,23.6,23.01
3/2/2018,23.42,5972125,23,23.52,22.77
3/1/2018,23.31,4270869,23.57,23.75,23.01
2/28/2018,23.49,6577648,23.47,23.82,23.25
2/27/2018,23.38,7080232,23.54,23.95,23.375
2/26/2018,23.46,3700824,23.32,23.53,23.21
2/23/2018,23.25,4054663,23.3,23.36,23.005
2/22/2018,23.13,6857249,23.23,23.84,22.99
2/21/2018,23.19,7019045,23.27,23.57,22.96
2/20/2018,23.2,6054832,22.72,23.4,22.53
2/16/2018,22.68,5121724,22.65,22.91,22.43
2/15/2018,22.74,6639041,22.55,22.93,22.43
2/14/2018,22.26,6558473,22.15,22.435,22
2/13/2018,22.32,10952950,21.85,22.36,21.64
2/12/2018,21.92,6605972,21.48,22.04,21.39
2/9/2018,21.3,9912070,21.05,21.45,20.54
2/8/2018,20.74,11723970,21.44,21.53,20.37
2/7/2018,21.33,8684361,21.58,21.95,21.21
2/6/2018,21.7,13151620,20.87,21.83,20.51
2/5/2018,21.35,9354603,22.14,22.56,21.31
2/2/2018,22.43,9917326,22.38,22.59,21.87
2/1/2018,22.6,7988312,23.11,23.45,22.53
1/31/2018,23.33,11191540,23.34,23.54,23.26
1/30/2018,23.12,4374031,23.05,23.37,22.9252
1/29/2018,23.45,6760243,23.37,23.49,23.24
1/26/2018,23.39,6142997,23.23,23.46,23.16
1/25/2018,23.01,9009794,23.59,23.605,22.97
1/24/2018,23.29,9443447,23.36,23.545,22.75
1/23/2018,23.53,10853280,23.68,23.81,23.28
1/22/2018,23.62,3619924,23.76,23.81,23.52
1/19/2018,23.68,7578434,23.84,23.9,23.64
1/18/2018,23.69,8558548,23.63,23.9,23.6
1/17/2018,23.59,7141350,23.65,23.86,23.48
1/16/2018,23.58,10909400,24.07,24.07,23.465
1/12/2018,23.84,18421540,23.14,24.21,23.13
1/11/2018,23.15,5198575,23.25,23.25,22.85
1/10/2018,23.14,9401938,22.83,23.215,22.6
1/9/2018,23.15,9570009,23.28,23.31,22.99
1/8/2018,23.17,5529620,22.97,23.24,22.89
1/5/2018,23,5854673,23.5,23.64,23
1/4/2018,23.41,9220078,22.97,23.47,22.8275
1/3/2018,22.89,9012362,22.29,22.95,22.23
1/2/2018,22.2,5620449,21.66,22.35,21.41
12/29/2017,21.47,4256379,21.99,21.99,21.47
12/28/2017,21.89,3606493,22.05,22.15,21.81
12/27/2017,22.05,4091837,21.8,22.115,21.72
12/26/2017,21.84,3675545,21.81,21.98,21.66
12/22/2017,22.01,5235203,22,22.21,21.91
12/21/2017,22.05,5574999,22.39,22.39,21.97
12/20/2017,22.31,4401168,22.55,22.57,22.09
12/19/2017,22.37,5599143,22.32,22.42,22.015
12/18/2017,22.16,7887500,21.72,22.36,21.6
12/15/2017,21.62,8084261,21.71,21.8304,21.4239
12/14/2017,21.65,8099899,21.87,22.035,21.57
12/13/2017,21.83,6337418,22.31,22.52,21.77
12/12/2017,22.19,4662233,22,22.25,21.94
12/11/2017,22.05,5280487,22.02,22.33,21.98
12/8/2017,22.04,7064403,22.04,22.19,21.85
12/7/2017,22,6481191,22.1,22.28,21.805
12/6/2017,21.82,6342550,21.8,21.96,21.6
12/5/2017,21.97,7279109,22.21,22.65,21.78
12/4/2017,22.3,11231340,22.43,22.615,21.88
12/1/2017,22.18,13142380,22.13,22.29,21.68
11/30/2017,22.34,12990770,22.3,22.91,22.19
11/29/2017,22.21,19872880,23.53,23.86,22.02
11/28/2017,23.27,12397350,23.87,23.88,23.215
11/27/2017,23.38,14986890,23.61,23.7,23.19
11/24/2017,23.8,7191730,23.84,23.9,23.51
11/22/2017,23.83,27225940,23.78,24.2205,23.43
11/21/2017,23.28,35681000,22.15,23.4099,21.94
11/20/2017,21.59,67004410,20.8,21.81,20.12
11/17/2017,20.29,5145078,20.31,20.45,20.24
11/16/2017,20.26,6779421,20.11,20.325,20.09
11/15/2017,20.07,2887427,19.95,20.115,19.75
11/14/2017,20.12,3513847,20.07,20.16,20.04
11/13/2017,20.13,4382680,20.01,20.14,20.01
11/10/2017,20.13,6944410,20.19,20.19,20.06
11/9/2017,20.13,8638148,20.13,20.19,19.85
11/8/2017,20.15,6884096,20.15,20.225,20.08
11/7/2017,20.13,10688130,20.38,20.61,20
11/6/2017,20.2,19713400,20.115,21.08,19.96
11/3/2017,18.51,7297948,18.33,18.55,18.23
11/2/2017,18.28,3118149,18.27,18.38,17.85
11/1/2017,18.29,3327541,18.57,18.57,18.14
10/31/2017,18.47,3739139,18.32,18.5,18.28
10/30/2017,18.23,6057439,18.35,18.43,17.98
10/27/2017,18.44,4527028,18.59,18.59,18.24
10/26/2017,18.4,3913151,18.41,18.45,18.26
10/25/2017,18.39,8466129,18.49,18.57,18.37
10/24/2017,18.58,18384740,18.5,18.59,18.485
10/23/2017,18.47,5799889,18.7,18.88,18.45
10/20/2017,18.41,1609394,18.47,18.495,18.3799
10/19/2017,18.41,1865097,18.34,18.45,18.13
10/18/2017,18.45,4107266,18.43,18.52,18.175
10/17/2017,18.36,2638118,18.24,18.42,18.19
10/16/2017,18.27,4712296,18.3,18.315,18.11
10/13/2017,18.28,3585668,18.4,18.4,18.23
10/12/2017,18.29,3503373,18.48,18.49,18.25
10/11/2017,18.51,4284527,18.45,18.55,18.42
10/10/2017,18.51,6872249,18.49,18.55,18.41
10/9/2017,18.45,4696415,18.31,18.54,18.31
10/6/2017,18.2,3496128,18.15,18.315,18.14
10/5/2017,18.37,3756000,18.51,18.51,18.31
10/4/2017,18.51,5757232,18.35,18.54,18.3
10/3/2017,18.43,2935824,18.4,18.585,18.3
10/2/2017,18.4,10239310,18.21,18.72,18.16
9/29/2017,17.9,4659317,18.03,18.23,17.89
9/28/2017,17.97,3711339,17.85,18.065,17.77
9/27/2017,17.92,4260868,17.81,18.15,17.7645
9/26/2017,17.65,3193036,17.75,17.825,17.625
9/25/2017,17.61,6198913,17.78,17.87,17.49
9/22/2017,17.87,4497266,17.9,18.09,17.85
9/21/2017,18.03,5270413,18.03,18.195,17.875
9/20/2017,18.03,7036749,18.19,18.23,17.79
9/19/2017,18.15,6409757,18.46,18.6,18.13
9/18/2017,18.43,6963137,18.42,18.67,18.35
9/15/2017,18.34,7434313,18.39,18.56,18.2
9/14/2017,18.28,10066510,17.69,18.38,17.56
9/13/2017,17.82,6072044,17.62,17.87,17.56
9/12/2017,17.6,4092014,17.45,17.61,17.33
9/11/2017,17.37,6602201,17.44,17.45,17.22
9/8/2017,17.25,3442915,17.45,17.48,17.2
9/7/2017,17.47,3584408,17.67,17.6987,17.47
9/6/2017,17.61,3588175,17.93,17.95,17.6
9/5/2017,17.84,6323671,17.62,17.96,17.58
9/1/2017,17.85,3165012,17.9,18,17.81
8/31/2017,17.91,6619970,17.79,17.97,17.74
8/30/2017,17.76,7770630,17.27,17.8,17.27
8/29/2017,17.26,5064788,16.93,17.325,16.84
8/28/2017,17.14,7278719,17.07,17.245,16.965
8/25/2017,17.05,14615910,16.63,17.48,16.6
8/24/2017,15.86,6872350,16.01,16.1,15.71
8/23/2017,15.89,7895940,15.78,15.97,15.69
8/22/2017,15.92,4793040,15.69,15.96,15.67
8/21/2017,15.62,5083147,15.65,15.65,15.5
8/18/2017,15.65,4614087,15.54,15.75,15.4967
8/17/2017,15.55,4008989,15.89,15.97,15.47
8/16/2017,15.95,2892013,15.84,15.99,15.83
8/15/2017,15.82,4906537,15.57,15.865,15.49
8/14/2017,15.55,6831127,15.59,15.74,15.505
8/11/2017,15.39,3849629,15.05,15.419,14.87
8/10/2017,15.05,3960550,15.42,15.48,15.025
8/9/2017,15.5,2766106,15.51,15.61,15.405
8/8/2017,15.6,3337329,15.69,15.81,15.575
8/7/2017,15.68,3261555,15.6,15.695,15.52
8/4/2017,15.55,4100144,15.5,15.7,15.44
8/3/2017,15.5,4499366,15.73,15.77,15.42
8/2/2017,15.68,6916013,15.82,15.88,15.53
8/1/2017,15.77,9018234,15.59,15.8,15.405
7/31/2017,15.56,4668884,15.6,15.67,15.41
7/28/2017,15.59,6166998,15.81,15.87,15.5
7/27/2017,15.87,4013803,16.12,16.18,15.645
7/26/2017,16.05,4013596,16.07,16.205,15.96
7/25/2017,16,8445168,15.82,16.22,15.66
7/24/2017,16.23,3100244,16.26,16.37,16.1342
7/21/2017,16.25,7426118,16.41,16.41,16.01
7/20/2017,16.48,3694043,16.5,16.52,16.2
7/19/2017,16.48,4766850,16.27,16.525,16.13
7/18/2017,16.21,9509775,16.18,16.3225,16
7/17/2017,16.26,6405653,16.64,16.645,16.19
7/14/2017,16.58,3852738,16.49,16.61,16.43
7/13/2017,16.46,7629240,16.44,16.58,16.12
7/12/2017,16.37,7505526,16.24,16.54,16.23
7/11/2017,16.06,7173041,16.1,16.2,15.9399
7/10/2017,16.12,8775052,16.09,16.21,15.91
7/7/2017,16.13,11131630,16.08,16.18,15.915
7/6/2017,16.07,9577121,16.09,16.26,16.015
7/5/2017,16.33,12620670,16.19,16.37,15.92
7/3/2017,16.09,3186339,16.67,16.71,16.07
6/30/2017,16.52,13271650,16.82,16.84,16.37
6/29/2017,16.83,7926185,17.03,17.19,16.6101
6/28/2017,17.13,8496460,16.93,17.18,16.6
6/27/2017,16.79,7754763,17.54,17.54,16.79
6/26/2017,17.65,5826463,17.68,17.89,17.545
6/23/2017,17.67,4689450,17.55,17.78,17.41
6/22/2017,17.57,4926209,17.53,17.765,17.4
6/21/2017,17.54,4390572,17.64,17.73,17.449
6/20/2017,17.52,8651216,17.95,18.18,17.46
6/19/2017,17.45,4927682,17.49,17.63,17.35
6/16/2017,17.33,5705387,17.48,17.66,17.28
6/15/2017,17.41,6505852,17.17,17.59,17.06
6/14/2017,17.54,4715745,17.76,17.77,17.38
6/13/2017,17.74,6717279,17.6,17.84,17.45
6/12/2017,17.45,11370100,16.87,17.48,16.565
6/9/2017,17.26,8520839,17.86,17.86,16.9037
6/8/2017,17.84,7665574,17.68,17.87,17.6
6/7/2017,17.72,6955568,17.81,17.86,17.56
6/6/2017,17.81,6679441,17.36,17.925,17.36
6/5/2017,17.53,5833774,17.59,17.68,17.51
6/2/2017,17.59,8212951,17.77,17.78,17.42
6/1/2017,17.78,11247100,17.29,17.79,17.28
5/31/2017,17.24,12087130,17.55,17.55,17.165
5/30/2017,17.37,10606250,17.74,17.8,17.2
5/26/2017,17.67,20179310,17.39,17.76,17.09
5/25/2017,16.94,16989130,16.84,17.14,16.78
5/24/2017,16.78,10953460,16.45,16.85,16.33
5/23/2017,16.36,9650595,16.25,16.39,16.08
5/22/2017,16.19,5693412,16.12,16.66,15.97
5/19/2017,16.01,8602643,15.6,16.095,15.6
5/18/2017,15.51,6226254,15.27,15.69,15.27
5/17/2017,15.26,10225730,16.04,16.13,15.25
5/16/2017,16.25,7247395,16.19,16.26,15.93
5/15/2017,16.11,7786922,15.62,16.12,15.5
5/12/2017,15.53,1950498,15.73,15.78,15.505
5/11/2017,15.71,3963287,15.7,15.82,15.57
5/10/2017,15.75,5772440,15.65,15.76,15.59
5/9/2017,15.54,4809193,15.16,15.55,15.1
5/8/2017,15.14,4449597,15.18,15.22,15.02
5/5/2017,15.16,4013939,15.08,15.18,15.02
5/4/2017,15.08,5547922,15.13,15.275,14.965
5/3/2017,15.11,6747393,14.69,15.16,14.64
5/2/2017,14.74,5444871,14.97,15.03,14.675
5/1/2017,14.99,3186008,15.03,15.12,14.94
4/28/2017,15.02,8507189,15.19,15.19,14.95
4/27/2017,15.09,5836138,14.975,15.16,14.9
4/26/2017,14.72,8307008,14.82,15.17,14.69
4/25/2017,15.49,9710323,15.12,15.56,15.115
4/24/2017,15.06,3394266,15.09,15.14,14.9
4/21/2017,14.9,3125900,14.88,15.04,14.72
4/20/2017,14.94,4632632,14.96,15.01,14.74
4/19/2017,14.9,5760720,14.97,15.225,14.83
4/18/2017,14.89,3497841,14.75,14.92,14.73
4/17/2017,14.83,3886412,14.73,14.88,14.66
4/13/2017,14.68,7408634,14.78,14.89,14.66
4/12/2017,14.81,9673193,14.8,14.86,14.58
4/11/2017,14.85,9600614,15,15.065,14.65
4/10/2017,15.08,3400653,15.17,15.245,15.01
4/7/2017,15.14,4794239,15.1,15.21,15.0384
4/6/2017,15.1,8912367,15.16,15.21,14.9
4/5/2017,14.99,8697770,15.02,15.19,14.94
4/4/2017,14.96,5285832,14.91,15.06,14.87
4/3/2017,15,10896680,15.14,15.245,14.865
3/31/2017,15.26,7280087,15.49,15.58,15.26
3/30/2017,15.61,6500196,15.69,15.75,15.59
3/29/2017,15.74,4339030,15.65,15.81,15.62
3/28/2017,15.7,6630885,15.72,15.815,15.575
3/27/2017,15.73,5613231,15.7,15.805,15.45
3/24/2017,15.9,6088527,16.06,16.11,15.845
3/23/2017,15.91,4919340,15.77,16.12,15.72
3/22/2017,15.85,8221322,15.64,16.005,15.52
3/21/2017,15.7,9768535,16.3,16.34,15.655
3/20/2017,16.25,5733364,16.1,16.33,16.08
3/17/2017,16.12,5021429,16.06,16.16,15.99
3/16/2017,16.07,3891437,16.01,16.23,16
3/15/2017,16,3809184,16.05,16.13,15.97
3/14/2017,16.02,5895584,16.19,16.2,15.96
3/13/2017,16.27,10473650,16.7,16.72,16.15
3/10/2017,16.39,11108860,15.96,16.56,15.93
3/9/2017,15.83,3343177,15.8,15.93,15.76
3/8/2017,15.84,4115919,15.99,16.11,15.83
3/7/2017,15.94,4141501,16,16.13,15.84
3/6/2017,16.03,7754287,16.01,16.09,15.67
3/3/2017,16.09,13944780,16.25,16.37,15.93
3/2/2017,15.85,9115248,15.94,16.005,15.74
3/1/2017,15.93,11460590,15.95,16,15.7701
2/28/2017,15.6,6865173,16.07,16.08,15.57
2/27/2017,16.02,5706765,16.02,16.04,15.8
2/24/2017,16.01,3784219,15.8,16.04,15.55
2/23/2017,16.01,4809785,16.3,16.3,15.86
2/22/2017,16.28,3537020,16.23,16.3,16.11
2/21/2017,16.21,6043311,15.86,16.26,15.82
2/17/2017,15.81,2536916,15.7,15.82,15.56
2/16/2017,15.79,2905942,15.81,15.875,15.67
2/15/2017,15.81,5727935,15.59,15.82,15.54
2/14/2017,15.58,2469125,15.75,15.76,15.48
2/13/2017,15.68,2619984,15.6,15.73,15.5301
2/10/2017,15.48,2230002,15.68,15.73,15.46
2/9/2017,15.66,4081709,15.65,15.71,15.49
2/8/2017,15.675,2793252,15.75,15.83,15.63
2/7/2017,15.72,4592262,15.86,15.887,15.56
2/6/2017,15.76,5165255,15.79,15.88,15.65
2/3/2017,15.72,7291592,15.45,15.76,15.38
2/2/2017,15.39,6223207,15.25,15.42,15.17
2/1/2017,15.33,8470382,15.49,15.585,15.13
1/31/2017,14.87,3233675,14.97,14.97,14.69
1/30/2017,14.91,3847285,14.97,15.08,14.8
1/27/2017,15.09,2596490,15.11,15.245,15.05
1/26/2017,15.12,7608668,15.36,15.45,15.08
1/25/2017,15.26,13836050,14.66,15.28,14.65
1/24/2017,14.51,8411236,14.01,14.515,13.97
1/23/2017,13.95,4831837,14.04,14.15,13.83
1/20/2017,14.11,3401910,14.15,14.26,14.08
1/19/2017,14.1,2185491,14.18,14.26,14.1
1/18/2017,14.21,1959580,14.3,14.31,14.11
1/17/2017,14.22,1977173,14.39,14.51,14.185
1/13/2017,14.47,2149258,14.48,14.6,14.45
1/12/2017,14.42,3201670,14.44,14.53,14.07
1/11/2017,14.54,4406634,14.51,14.6,14.38
1/10/2017,14.56,4929420,14.37,14.59,14.37
1/9/2017,14.37,4363659,14.18,14.39,14.145
1/6/2017,14.18,2695832,14.08,14.23,13.94
1/5/2017,14.04,3006391,14.26,14.41,14.03
1/4/2017,14.24,4478753,14.04,14.26,14.04
1/3/2017,14.05,5121547,13.93,14.12,13.85
12/30/2016,13.87,3147284,14.1,14.19,13.835
12/29/2016,14.11,3334170,14.1,14.23,14.01
12/28/2016,14.14,2445724,14.34,14.35,14.09
12/27/2016,14.34,1659964,14.33,14.45,14.28
12/23/2016,14.32,1395692,14.23,14.36,14.225
12/22/2016,14.29,2924802,14.46,14.46,14.16
12/21/2016,14.38,2912471,14.35,14.5,14.35
12/20/2016,14.34,3476483,14.24,14.4,14.18
12/19/2016,14.2,3685014,14.21,14.4,14.19
12/16/2016,14.32,5331716,14.54,14.67,14.32
12/15/2016,14.49,3304881,14.33,14.535,14.3
12/14/2016,14.26,2833636,14.31,14.41,14.235
12/13/2016,14.31,4530154,14.18,14.365,14.15
12/12/2016,14.17,3746197,14.31,14.31,14.01
12/9/2016,14.35,6258799,14.4,14.45,14.26
12/8/2016,14.25,4508685,14.33,14.42,14.22
12/7/2016,14.37,6400986,14.08,14.425,14.03
12/6/2016,14.06,3404868,14.13,14.19,14.03
12/5/2016,14.03,7528145,13.59,14.21,13.59
12/2/2016,14.02,4081617,13.86,14.06,13.8
12/1/2016,13.98,7527898,14.33,14.46,13.85
11/30/2016,14.34,5540743,14.35,14.54,14.3
11/29/2016,14.38,3883538,14.44,14.5,14.3
11/28/2016,14.48,4928299,14.53,14.7,14.46
11/25/2016,14.66,1412732,14.64,14.79,14.61
11/23/2016,14.69,3734360,14.75,14.8152,14.61
11/22/2016,14.81,5527509,14.82,14.88,14.73
11/21/2016,14.75,9770020,14.73,14.995,14.67
11/18/2016,14.8,25434710,14.63,14.8,14.15
11/17/2016,13.36,7788782,13.45,13.58,13.23
11/16/2016,13.43,3932994,13.41,13.515,13.36
11/15/2016,13.43,4803416,13.31,13.52,13.15
11/14/2016,13.19,6259870,12.98,13.24,12.88
11/11/2016,12.98,6271045,12.48,12.99,12.48
11/10/2016,12.49,4804002,12.83,12.96,12.31
11/9/2016,12.7,4299395,12.39,12.78,12.3
11/8/2016,12.7,3028345,12.81,12.87,12.68
11/7/2016,12.85,4462122,12.69,12.87,12.6
11/4/2016,12.52,3843961,12.57,12.677,12.44
11/3/2016,12.63,4594421,12.85,12.8875,12.41
11/2/2016,12.94,3849708,12.95,13.1,12.85
11/1/2016,12.95,4219250,13.18,13.23,12.79
10/31/2016,13.03,2958935,13.14,13.2,12.955
10/28/2016,13.1,7224905,13.54,13.5425,13.045
10/27/2016,13.12,3973275,13.42,13.6101,13.1
10/26/2016,13.4,5968007,13.05,13.505,13.05
10/25/2016,13.16,3578307,13.1,13.32,12.97
10/24/2016,13.07,1943286,12.95,13.08,12.91
10/21/2016,12.9,2681106,12.99,13.07,12.84
10/20/2016,13.05,3426429,12.91,13.13,12.85
10/19/2016,12.91,3773088,12.84,13.02,12.755
10/18/2016,13.01,2187708,13,13.04,12.935
10/17/2016,12.87,3287268,12.92,13.02,12.78
10/14/2016,13,3459053,13.1,13.2,12.98
10/13/2016,13,4670230,12.8,13.05,12.58
10/12/2016,12.94,4372285,13.16,13.2,12.79
10/11/2016,12.83,5039846,13.14,13.2,12.73
10/10/2016,13.17,1666777,13.16,13.26,13.08
10/7/2016,13.11,2538526,13.16,13.18,13.03
10/6/2016,13.18,1914366,13.13,13.2,12.98
10/5/2016,13.17,2248973,13.1,13.235,13.09
10/4/2016,13.02,3315153,13.07,13.2289,12.95
10/3/2016,13.02,4012850,13.2,13.33,13
9/30/2016,13.27,7375593,13.25,13.56,13.25
9/29/2016,13.24,6707245,13.18,13.46,13.05
9/28/2016,13.17,7100680,13.15,13.45,13.04
9/27/2016,13.09,5478542,12.83,13.1,12.77
9/26/2016,12.87,6302073,12.9,13.015,12.83
9/23/2016,13.01,5331695,12.91,13.12,12.7299
9/22/2016,12.96,3400724,12.95,13.04,12.84
9/21/2016,12.92,5811901,12.7,12.94,12.65
9/20/2016,12.59,4774696,12.9,12.94,12.545
9/19/2016,12.9,9253994,12.77,13.035,12.77
9/16/2016,12.74,9954143,12.95,12.99,12.595
9/15/2016,12.57,4362365,12.49,12.695,12.45
9/14/2016,12.46,2831976,12.48,12.5463,12.25
9/13/2016,12.45,4177748,12.42,12.64,12.26
9/12/2016,12.54,6237246,12.07,12.54,12.03
9/9/2016,12.31,6891492,12.54,12.69,12.09
9/8/2016,12.55,6410324,12.59,12.83,12.52
9/7/2016,12.63,7478244,12.57,12.82,12.55
9/6/2016,12.94,21734800,12.51,12.94,12.13
9/2/2016,13.01,7730302,12.96,13.06,12.7
9/1/2016,12.87,8179508,12.45,12.88,12.4
8/31/2016,12.4,4895667,12.42,12.59,12.285
8/30/2016,12.3,3011566,12.27,12.475,12.17
8/29/2016,12.3,2657870,12.4,12.6,12.28
8/26/2016,12.27,4581445,12.14,12.46,12.14
8/25/2016,12.18,2614988,12.13,12.2708,12.085
8/24/2016,12.11,2805752,12.22,12.39,12.05
8/23/2016,12.22,3460427,12.56,12.58,12.17
8/22/2016,12.43,8197017,12.18,12.46,12.04
8/19/2016,12.15,8792207,11.72,12.23,11.68
8/18/2016,11.65,2948049,11.64,11.7,11.38
8/17/2016,11.61,3775849,11.47,11.635,11.42
8/16/2016,11.54,2254258,11.69,11.73,11.52
8/15/2016,11.7,6660893,11.39,11.735,11.3
8/12/2016,11.4,2273324,11.44,11.51,11.38
8/11/2016,11.42,2969291,11.5,11.54,11.34
8/10/2016,11.47,2495910,11.59,11.59,11.41
8/9/2016,11.59,4307188,11.42,11.62,11.42
8/8/2016,11.41,3892679,11.46,11.55,11.37
8/5/2016,11.41,2375534,11.46,11.51,11.4
8/4/2016,11.41,3882805,11.3,11.49,11.27
8/3/2016,11.3,5348587,11.31,11.41,11.27
8/2/2016,11.36,5784331,11.84,11.88,11.36
8/1/2016,11.85,8221873,11.8,11.945,11.72
7/29/2016,11.75,9856475,11.88,12,11.64
7/28/2016,11.89,17393660,12,12.05,11.51
7/27/2016,11.67,9134919,11.75,11.895,11.47
7/26/2016,11.64,12087090,11.6,11.72,11.49
7/25/2016,11.54,9962289,11.67,11.7228,11.49
7/22/2016,11.71,13958830,11.37,11.71,11.235
7/21/2016,11.28,12716060,11.18,11.29,11.02
7/20/2016,11.235,26370670,10.4,11.4,10.37
7/19/2016,9.85,6760369,10.01,10.08,9.675
7/18/2016,10.08,5288982,10.1,10.235,9.91
7/15/2016,10,1945590,10.1,10.18,9.985
7/14/2016,10.09,1845526,10.1,10.15,10.02
7/13/2016,10.01,3235412,10.07,10.17,10
7/12/2016,10.05,4393779,10.25,10.32,10.04
7/11/2016,10,2556325,10.08,10.2,9.99
7/8/2016,10,3384180,9.82,10,9.8
7/7/2016,9.77,4868190,9.63,9.78,9.56
7/6/2016,9.44,2573687,9.33,9.46,9.13
7/5/2016,9.37,2037630,9.54,9.54,9.31
7/1/2016,9.53,2512512,9.5,9.615,9.49
6/30/2016,9.53,5310844,9.47,9.555,9.345
6/29/2016,9.44,4258724,9.34,9.465,9.28
6/28/2016,9.23,5383086,9.23,9.33,9.13
6/27/2016,9.12,8960492,9.66,9.71,9.05
6/24/2016,9.78,7979740,10.03,10.135,9.77
6/23/2016,10.41,3811001,10.31,10.4201,10.22
6/22/2016,10.22,6834822,10.1,10.27,10.04
6/21/2016,10.09,9349527,10.2,10.275,10.05
6/20/2016,10.14,4919077,10.16,10.34,10.075
6/17/2016,10.02,6535576,10.32,10.34,10
6/16/2016,10.31,5900366,10.02,10.35,9.91
6/15/2016,10.04,4193938,9.96,10.14,9.93
6/14/2016,9.91,8743300,9.68,9.97,9.67
6/13/2016,9.71,5710878,9.7,9.81,9.59
6/10/2016,9.82,19122380,9.79,10.12,9.5401
6/9/2016,10.26,3246385,9.95,10.3,9.95
6/8/2016,10.18,4548179,10.09,10.215,10.05
6/7/2016,10.1,3627596,10.07,10.14,10.04
6/6/2016,10.01,3522146,10.18,10.2,9.985
6/3/2016,10.17,2375752,10.26,10.3,10.095
6/2/2016,10.28,2437872,10.19,10.305,10.16
6/1/2016,10.25,2125155,10.19,10.255,10.13
5/31/2016,10.23,4917074,9.55,10.29,9.52
5/27/2016,10.07,3778557,10.15,10.26,10.04
5/26/2016,10.15,8218774,10.11,10.2,10.05
5/25/2016,10.06,4561400,10.03,10.16,9.9
5/24/2016,10.01,3364054,9.96,10.04,9.91
5/23/2016,9.93,5205890,9.94,10.08,9.91
5/20/2016,9.94,6322314,9.85,10.01,9.81
5/19/2016,9.73,3976395,9.75,9.92,9.65
5/18/2016,9.8,3023426,9.68,10.05,9.56
5/17/2016,9.73,2935523,9.71,9.9,9.6
5/16/2016,9.7,2890495,9.55,9.76,9.53
5/13/2016,9.52,2840592,9.55,9.68,9.45
5/12/2016,9.51,2306340,9.76,9.8,9.39
5/11/2016,9.72,1899091,9.69,9.81,9.65
5/10/2016,9.74,2617291,9.89,9.89,9.57
5/9/2016,9.66,4058929,9.86,10,9.565
5/6/2016,9.57,2563815,9.48,9.575,9.425
5/5/2016,9.55,4732236,9.51,9.58,9.34
5/4/2016,9.48,4054166,9.63,9.72,9.42
5/3/2016,9.65,5548889,9.85,9.906,9.6
5/2/2016,9.75,5410184,9.92,10.0089,9.68
4/29/2016,9.98,10192860,10.41,10.4766,9.91
4/28/2016,10.44,9517268,10.36,10.88,10.26
4/27/2016,10.38,6272648,9.92,10.39,9.92
4/26/2016,9.96,3402085,9.98,10.1,9.96
4/25/2016,9.95,3628652,10.18,10.23,9.92
4/22/2016,10.18,7376672,9.95,10.44,9.95
4/21/2016,9.81,2014255,9.91,9.95,9.78
4/20/2016,9.88,3549840,9.77,9.97,9.7203
4/19/2016,9.8,4254040,9.96,10,9.76
4/18/2016,9.9,11158740,10.09,10.13,9.88
4/15/2016,10.18,5593671,10.37,10.43,10.14
4/14/2016,10.46,7814668,10.68,10.74,10.23
4/13/2016,10.78,3027123,10.71,10.86,10.66
4/12/2016,10.66,2194732,10.69,10.72,10.57
4/11/2016,10.69,2787376,10.61,10.88,10.54
4/8/2016,10.52,3030488,10.8,10.93,10.48
4/7/2016,10.69,4231264,10.75,10.98,10.67
4/6/2016,10.91,9489629,10.99,11,10.61
4/5/2016,10.88,20773470,10.74,10.93,10.55
4/4/2016,9.62,4192389,9.95,10,9.57
4/1/2016,9.94,8303853,9.83,10.04,9.74
3/31/2016,10.31,5156971,10.32,10.485,10.2992
3/30/2016,10.32,2670975,10.2,10.4,10.2
3/29/2016,10.31,2999990,10.11,10.38,10.04
3/28/2016,10.19,2036413,10.24,10.26,10.13
3/24/2016,10.24,1766097,10.14,10.255,10.05
3/23/2016,10.29,2809480,10.33,10.4,10.22
3/22/2016,10.41,4377069,10.37,10.51,10.2875
3/21/2016,10.48,2258070,10.37,10.52,10.255
3/18/2016,10.37,4500899,10.22,10.38,10.22
3/17/2016,10.27,3323549,10.22,10.36,10.08
3/16/2016,10.27,3438539,10.16,10.39,10.13
3/15/2016,10.22,3026164,10.19,10.24,10.1685
3/14/2016,10.26,4123630,10.15,10.33,10.15
3/11/2016,10.28,2898382,10.02,10.295,10.02
3/10/2016,10,4277220,9.9,10.02,9.82
3/9/2016,9.87,3312551,9.9,9.9,9.72
3/8/2016,9.84,4218638,9.81,10.05,9.7
3/7/2016,10.17,5836230,10.01,10.19,9.78
3/4/2016,9.75,4062108,9.61,9.85,9.55
3/3/2016,9.8,5242564,10,10.02,9.69
3/2/2016,9.94,7995636,9.75,10.015,9.692
3/1/2016,9.75,6725468,9.8,9.949,9.71
2/29/2016,9.55,3299318,9.58,9.73,9.51
2/26/2016,9.54,6593363,9.6,9.64,9.455
2/25/2016,9.55,3211885,9.51,9.59,9.29
2/24/2016,9.49,4038848,9.17,9.535,9.085
2/23/2016,9.26,4349625,9.3,9.4,9.215
2/22/2016,9.3,4719272,9.14,9.39,9.14
2/19/2016,9.16,4008170,9.31,9.37,9.05
2/18/2016,9.28,5345951,9.53,9.77,9.21
2/17/2016,9.3,4772652,9.21,9.39,9.1
2/16/2016,9.12,3157647,8.66,9.12,8.66
2/12/2016,8.61,2367214,8.44,8.73,8.42
2/11/2016,8.41,3706382,8.5,8.57,8.32
2/10/2016,8.58,4566059,8.72,8.88,8.54
2/9/2016,8.7,4169620,8.68,8.91,8.62
2/8/2016,8.85,5644731,8.92,8.96,8.72
2/5/2016,8.96,4278282,9.33,9.33,8.94
2/4/2016,9.3,4798513,9.12,9.5,9.0011
2/3/2016,9.27,15415630,9.01,9.31,8.63
2/2/2016,8.67,10769020,8.85,8.95,8.63
2/1/2016,8.93,6969526,8.71,9.09,8.55
1/29/2016,8.85,6687647,8.37,8.86,8.37
1/28/2016,8.38,4550629,8.26,8.39,8.175
1/27/2016,8.19,4910435,8.26,8.38,8.03
1/26/2016,8.325,4473952,8.19,8.42,8.15
1/25/2016,8.18,4315896,8.13,8.32,8.075
1/22/2016,8.18,3901321,8.25,8.34,8.13
1/21/2016,8.11,7685452,7.94,8.1875,7.78
1/20/2016,7.91,6162407,7.63,8,7.4
1/19/2016,7.77,6357412,8.43,8.43,7.73
1/15/2016,8.11,6940160,8.12,8.24,7.96
1/14/2016,8.34,5135708,8.26,8.49,8.125
1/13/2016,8.29,5745736,8.55,8.645,8.15
1/12/2016,8.48,5152258,8.41,8.65,8.3
1/11/2016,8.32,4981199,8.24,8.36,8.17
1/8/2016,8.22,5879773,8.34,8.34,8.16
1/7/2016,8.13,6480427,7.92,8.17,7.85
1/6/2016,8.05,7374548,8.43,8.44,8.03
1/5/2016,8.52,4968580,8.74,8.85,8.5
1/4/2016,8.8,6680515,8.67,8.835,8.63
12/31/2015,8.82,3018554,8.77,8.96,8.7
12/30/2015,8.76,1887528,8.89,9.02,8.76
12/29/2015,8.96,2799600,8.89,8.99,8.87
12/28/2015,8.89,1579185,8.94,8.97,8.79
12/24/2015,9.02,829273,8.95,9.05,8.86
12/23/2015,8.94,3433484,8.59,8.94,8.59
12/22/2015,8.68,2702466,8.53,8.69,8.31
12/21/2015,8.55,3430578,8.58,8.69,8.47
12/18/2015,8.565,6071646,8.35,8.58,8.3
12/17/2015,8.47,5785816,8.6,8.66,8.41
12/16/2015,8.56,5717608,8.32,8.57,8.21
12/15/2015,8.24,4775509,8.12,8.29,8.05
12/14/2015,8.04,4184599,8.16,8.23,7.98
12/11/2015,8.23,3946676,8.26,8.39,8.16
12/10/2015,8.42,3102591,8.29,8.48,8.2
12/9/2015,8.27,5499328,8.43,8.65,8.22
12/8/2015,8.42,8312826,8.82,8.9,8.37
12/7/2015,9.09,5709907,8.75,9.55,8.71
12/4/2015,9.24,4647428,9.17,9.29,8.99
12/3/2015,9.1,5229404,9.59,9.62,9.01
12/2/2015,9.55,5825468,9.41,9.6,9.38
12/1/2015,9.38,6729052,8.91,9.42,8.87
11/30/2015,8.86,4549334,8.78,8.86,8.69
11/27/2015,8.735,1146789,8.54,8.74,8.48
11/25/2015,8.5,5020624,8.53,8.57,8.45
11/24/2015,8.55,3744146,8.64,8.78,8.54
11/23/2015,8.66,3806814,8.71,8.74,8.63
11/20/2015,8.71,2325951,8.76,8.86,8.69
11/19/2015,8.77,4760708,8.46,8.81,8.425
11/18/2015,8.48,5897559,8.6,8.6,8.42
11/17/2015,8.5,5837082,8.61,8.655,8.415
11/16/2015,8.62,4625328,8.54,8.62,8.41
11/13/2015,8.52,3244499,8.56,8.63,8.4
11/12/2015,8.6,3442542,8.67,8.82,8.6
11/11/2015,8.81,4249037,8.78,8.84,8.612
11/10/2015,8.73,4952215,8.89,8.95,8.62
11/9/2015,8.9,5126136,8.88,9.02,8.82
11/6/2015,8.9,5647102,8.68,8.98,8.61
11/5/2015,8.7,4906327,8.62,8.8,8.6
11/4/2015,8.62,8109181,8.55,8.88,8.51
11/3/2015,8.55,5578760,8.43,8.57,8.4
11/2/2015,8.4,3991021,8.21,8.41,8.19
10/30/2015,8.21,8252150,8.25,8.29,8.13
10/29/2015,8.215,6261194,8.32,8.395,8.19
10/28/2015,8.28,10012700,7.8,8.35,7.8
10/27/2015,8.05,51478180,7.61,8.19,7.55
10/26/2015,9.445,6757426,9.49,9.54,9.36
10/23/2015,9.56,8303957,9.28,9.62,9.17
10/22/2015,9.14,11424450,9.15,9.22,9.03
10/21/2015,9.09,8747628,9.42,9.42,9.08
10/20/2015,9.22,8164792,9.46,9.58,9.14
10/19/2015,9.45,5992236,9.4,9.61,9.3002
10/16/2015,9.35,8355018,9.42,9.64,9.24
10/15/2015,9.42,7703949,9.59,9.74,9.35
10/14/2015,9.53,7702025,9.26,9.59,9.25
10/13/2015,9.29,4334602,9.26,9.44,9.22
10/12/2015,9.25,5016749,9.16,9.28,9.05
10/9/2015,9.41,2928156,9.4,9.61,9.37
10/8/2015,9.43,5145386,9.54,9.54,9.3699
10/7/2015,9.49,8196357,9.64,9.73,9.37
10/6/2015,9.48,10231390,9.28,9.54,9.15
10/5/2015,9.13,8773890,9.27,9.37,9.11
10/2/2015,9.075,14169510,8.81,9.1,8.65
10/1/2015,8.85,13229020,8.98,9.02,8.69
9/30/2015,9.05,12216240,9.24,9.3,8.915
9/29/2015,9.05,10514600,9.24,9.29,8.93
9/28/2015,9.05,6038782,9.16,9.28,9.03
9/25/2015,9.33,31103490,9.43,9.7,8.97
9/24/2015,9.025,12808370,8.7,9.16,8.51
9/23/2015,8.72,6991064,8.79,8.91,8.6
9/22/2015,8.84,10594070,8.58,8.88,8.5
9/21/2015,8.65,5838452,8.71,8.75,8.52
9/18/2015,8.65,7862038,8.78,8.82,8.52
9/17/2015,8.9,6356663,9.06,9.1,8.83
9/16/2015,9.04,8961845,8.65,9.08,8.64
9/15/2015,8.64,9783383,8.65,8.705,8.5
9/14/2015,8.62,15023200,8.65,8.7,8.44
9/11/2015,8.84,45285130,8.22,9.09,8.21
9/10/2015,10.55,3391648,10.53,10.69,10.42
9/9/2015,10.54,3381904,11.05,11.06,10.51
9/8/2015,10.91,4199839,10.88,10.995,10.61
9/4/2015,10.85,3430863,10.97,11.09,10.815
9/3/2015,11.12,3389834,11.14,11.26,11.03
9/2/2015,11.02,4142169,11.14,11.17,10.83
9/1/2015,10.89,3788863,10.96,11.22,10.84
8/31/2015,11.27,3399582,11.27,11.42,11.16
8/28/2015,11.32,6471046,11.1,11.37,10.965
8/27/2015,11.12,8816344,10.58,11.135,10.52
8/26/2015,10.48,7518221,10.68,10.97,10
8/25/2015,10.38,6400579,11.08,11.15,10.37
8/24/2015,10.61,12090370,10.1,11.19,10.1
8/21/2015,11.17,6382147,11.4,11.46,11.125
8/20/2015,11.42,11948790,11.45,12.075,11.11
8/19/2015,11.91,5422578,12.34,12.34,11.885
8/18/2015,12.16,4399671,12.43,12.48,12.15
8/17/2015,12.42,3132139,12.14,12.58,12.14
8/14/2015,12.43,3161754,12.36,12.5,12.23
8/13/2015,12.26,4254269,12.37,12.41,12.15
8/12/2015,12.4,5286099,12.41,12.51,12.16
8/11/2015,12.55,5832107,12.63,12.77,12.46
8/10/2015,12.64,4759546,12.54,12.72,12.53
8/7/2015,12.51,5939788,12.4,12.55,12.23
8/6/2015,12.44,6828674,12.95,12.98,12.19
8/5/2015,12.86,13779080,12.45,13.35,12.38
8/4/2015,12.26,12838510,12.28,13.18,12.06
8/3/2015,12.48,3276787,12.41,12.5,12.34
7/31/2015,12.44,3987796,12.64,12.72,12.44
7/30/2015,12.65,3359807,12.73,12.76,12.52
7/29/2015,12.58,2932461,12.4,12.59,12.22
7/28/2015,12.435,4778684,12.37,12.65,12.25
7/27/2015,12.29,4032527,12.09,12.325,11.95
7/24/2015,12.19,4148877,12.53,12.55,12.17
7/23/2015,12.42,4888790,12.5,12.64,12.27
7/22/2015,12.4,6469635,12.42,12.48,12.26
7/21/2015,12.58,3583636,12.59,12.685,12.53
7/20/2015,12.58,6114711,12.86,12.94,12.56
7/17/2015,12.85,11224990,12.87,13.07,12.53
7/16/2015,12.78,3365896,12.8,12.875,12.7
7/15/2015,12.71,4543234,12.94,12.991,12.62
7/14/2015,12.92,7471692,13.18,13.18,12.85
7/13/2015,13.19,16085970,12.76,13.38,12.56
7/10/2015,12.51,4568948,12.52,12.6024,12.37
7/9/2015,12.4,7442170,13.01,13.08,12.4
7/8/2015,12.82,4608279,13.02,13.09,12.76
7/7/2015,13.16,5781163,13.39,13.39,12.78
7/6/2015,13.26,6022671,13.29,13.4,13.1
7/2/2015,13.42,3596039,13.31,13.49,13.28
7/1/2015,13.3,4932621,13.25,13.355,13.23
6/30/2015,13.185,7352077,13.41,13.42,13.08
6/29/2015,13.28,8575929,13.74,13.75,13.25
6/26/2015,13.93,8462528,14.24,14.32,13.89
6/25/2015,14.32,4536823,14.36,14.57,14.315
6/24/2015,14.35,5077320,14.6,14.61,14.33
6/23/2015,14.49,6118158,14.63,14.68,14.47
6/22/2015,14.59,6622351,14.64,14.73,14.48
6/19/2015,14.6,7633615,14.54,14.7103,14.49
6/18/2015,14.46,9426030,14.31,14.52,14.295
6/17/2015,14.1,6823884,14.12,14.16,14.03
6/16/2015,14.13,7132625,14.14,14.19,13.9
6/15/2015,14.09,6726379,14.16,14.17,14.07
6/12/2015,14.29,6110260,14.34,14.39,14.21
6/11/2015,14.47,9551467,14.16,14.47,14.16
6/10/2015,14.17,9530098,14.11,14.19,14
6/9/2015,14.13,8599889,13.91,14.18,13.91
6/8/2015,13.89,6222603,14.11,14.15,13.85
6/5/2015,14.2,6796087,14.1,14.26,14.05
6/4/2015,14.12,6319944,14.04,14.19,13.93
6/3/2015,14.1,10373820,14.1,14.33,14.04
6/2/2015,14.01,6928156,14.08,14.11,13.935
6/1/2015,14.085,10124410,14.18,14.375,13.99
5/29/2015,13.99,10581850,14.08,14.26,13.86
5/28/2015,14.2,14600010,14.2,14.34,13.97
5/27/2015,13.9,13246800,13.45,13.94,13.29
5/26/2015,13.44,12119270,13.41,13.5,13.185
5/22/2015,13.14,20865140,14.06,14.21,13.05
5/21/2015,14.37,6834579,14.12,14.51,14.035
5/20/2015,14.14,3158744,14.07,14.28,14.07
5/19/2015,14.16,3009629,14.38,14.41,14.12
5/18/2015,14.385,4041239,14.35,14.41,14.25
5/15/2015,14.29,3184919,14.27,14.36,14.25
5/14/2015,14.24,3990103,14.2,14.29,14.12
5/13/2015,14.11,2563137,14.13,14.31,14.05
5/12/2015,14.09,2879668,14.01,14.15,13.96
5/11/2015,14.08,2822288,14.17,14.2,14.07
5/8/2015,14.19,5690364,14.2,14.54,14.11
5/7/2015,14.09,4707390,14.05,14.15,13.97
5/6/2015,14.06,3892321,13.95,14.08,13.83
5/5/2015,13.9,5781567,14.11,14.13,13.82
5/4/2015,14.17,3635511,14.38,14.3899,14.16
5/1/2015,14.3,4174306,14.1,14.37,14.02
4/30/2015,14.01,6961740,14.01,14.15,13.92
4/29/2015,14.06,7376399,13.81,14.18,13.81
4/28/2015,14.115,5986561,14.01,14.13,13.811
4/27/2015,14.07,14789290,13.82,14.315,13.71
4/24/2015,14.305,9695997,14.63,14.64,14.05
4/23/2015,14.535,10513110,14.42,14.58,14.4
4/22/2015,14.755,7905880,15,15.1,14.66
4/21/2015,14.94,3384350,15.13,15.16,14.9
4/20/2015,15.02,3837732,15,15.13,14.92
4/17/2015,15.01,4272993,15.2,15.278,14.89
4/16/2015,15.33,4670782,15.39,15.47,15.27
4/15/2015,15.36,4338533,15.25,15.38,15.13
4/14/2015,15.15,5355045,15.22,15.27,15.07
4/13/2015,15.26,4363127,15.24,15.39,15.15
4/10/2015,15.27,2623435,15.25,15.38,15.215
4/9/2015,15.38,6092508,15.1,15.4,14.98
4/8/2015,15,5439672,15.02,15.15,14.87
4/7/2015,15.06,5790389,15.07,15.3,14.93
4/6/2015,14.93,6616667,14.37,15.04,14.37
4/2/2015,14.77,4849620,14.89,15,14.76
4/1/2015,14.97,7544621,14.66,14.99,14.66
3/31/2015,14.7,8957917,15.17,15.17,14.65
3/30/2015,15.18,4602277,15.25,15.26,15.005
3/27/2015,15.24,7632219,14.95,15.285,14.79
3/26/2015,14.96,7742001,14.7,15.11,14.53
3/25/2015,14.87,11158500,15.56,15.56,14.85
3/24/2015,15.47,4576298,15.59,15.63,15.39
3/23/2015,15.58,7072480,15.7,15.79,15.52
3/20/2015,15.715,7464342,15.92,15.99,15.695
3/19/2015,15.8,3684856,15.78,16,15.7532
3/18/2015,15.83,4311975,15.76,15.92,15.53
3/17/2015,15.73,7293434,16.01,16.04,15.66
3/16/2015,15.99,5374076,16.06,16.22,15.96
3/13/2015,16.06,4090017,16.02,16.15,15.9128
3/12/2015,16.07,5129908,15.8,16.21,15.8
3/11/2015,16.19,5481042,16.35,16.39,16.14
3/10/2015,16.315,5585783,16.4,16.54,16.3
3/9/2015,16.5,6201592,16.5,16.66,16.42
3/6/2015,16.56,10584210,16.71,16.74,16.49
3/5/2015,16.51,7846015,16.28,16.51,16.11
3/4/2015,16.21,5227087,15.91,16.23,15.811
3/3/2015,16,8055303,16.2,16.35,15.96
3/2/2015,16.41,8150825,16.3,16.47,16.17
2/27/2015,16.12,9878774,16.1,16.26,16.065
2/26/2015,16.1,6480966,16.39,16.41,16.03
2/25/2015,16.34,11431820,15.94,16.44,15.94
2/24/2015,16.18,7421998,16.06,16.24,16.01
2/23/2015,16.09,5147394,16.21,16.26,15.99
2/20/2015,16.29,18539500,16.31,16.78,15.99
2/19/2015,16.4,8182454,16.24,16.45,16.19
2/18/2015,16.23,9004092,16.35,16.4,16.17
2/17/2015,16.34,10001820,16.52,16.56,16.2
2/13/2015,16.59,7985033,16.52,16.75,16.46
2/12/2015,16.51,6185142,16.48,16.555,16.2001
2/11/2015,16.36,7328146,16.39,16.46,16.11
2/10/2015,16.35,7779633,16.2,16.42,16.11
2/9/2015,16.07,4412357,16.18,16.18,15.97
2/6/2015,16.23,7267825,16.2,16.4,16.18
2/5/2015,16.18,6680946,16.15,16.19,16.01
2/4/2015,16.13,8467461,15.73,16.19,15.71
2/3/2015,15.94,9321937,15.81,15.975,15.76
2/2/2015,15.4,8577678,15.47,15.51,14.9
1/30/2015,15.49,11555410,15.17,15.77,15.1
1/29/2015,15.27,6586177,15.38,15.53,14.93
1/28/2015,15.295,4505398,15.59,15.65,15.28
1/27/2015,15.48,3493348,15.47,15.62,15.34
1/26/2015,15.63,5822708,15.22,15.63,15.21
1/23/2015,15.515,7693245,15.68,15.9,15.358
1/22/2015,15.69,4295988,15.69,15.75,15.46
1/21/2015,15.76,4014809,15.55,15.8,15.55
1/20/2015,15.69,4269859,15.53,15.81,15.49
1/16/2015,15.535,5560697,15.27,15.665,15.2
1/15/2015,15.35,7399364,15.55,15.79,15.31
1/14/2015,15.51,18925930,15.5,15.89,15.46
1/13/2015,15.71,17136740,15.99,16.01,15.51
1/12/2015,15.92,9750611,15.91,16.09,15.83
1/9/2015,16.03,9152809,16,16.16,15.79
1/8/2015,16.015,27679400,15.12,16.19,15.12
1/7/2015,15.04,9601370,14.88,15.08,14.66
1/6/2015,14.825,16125850,14.3,15.04,13.84
1/5/2015,14.28,3452432,14.46,14.525,14.23
1/2/2015,14.52,3179699,14.55,14.6876,14.32
12/31/2014,14.5,2882235,14.43,14.64,14.39
12/30/2014,14.47,3697080,14.3,14.52,14.18
12/29/2014,14.33,2222169,14.31,14.41,14.3
12/26/2014,14.37,2185787,14.35,14.46,14.31
12/24/2014,14.33,556795,14.38,14.415,14.289
12/23/2014,14.325,1485126,14.46,14.64,14.29
12/22/2014,14.42,2891246,14.09,14.43,14.09
12/19/2014,14.18,4559533,14.3,14.3,14.05
12/18/2014,14.19,3839625,14.4,14.4,14.13
12/17/2014,14.2,5544582,13.81,14.21,13.75
12/16/2014,13.79,4197534,14.07,14.215,13.78
12/15/2014,14.08,5533442,14.31,14.4,13.95
12/12/2014,14.19,5668593,14.42,14.48,14.18
12/11/2014,14.4,6611837,14.41,14.64,14.335
12/10/2014,14.29,6379197,14.73,14.93,14.27
12/9/2014,14.75,15734300,14.8,15.12,14.64
12/8/2014,15.23,11987730,14.79,15.28,14.78
12/5/2014,15.095,5748994,14.97,15.15,14.9201
12/4/2014,15.01,7682259,14.95,15.09,14.81
12/3/2014,15.09,15419980,14.54,15.15,14.49
12/2/2014,14.5,5998109,14.25,14.52,14.23
12/1/2014,14.26,4136639,14.24,14.345,14.06
11/28/2014,14.32,2202734,14.33,14.34,14.15
11/26/2014,14.37,3912027,14.06,14.4,14.05
11/25/2014,14.07,6486805,13.89,14.145,13.865
11/24/2014,13.9,7057872,13.97,14.07,13.78
11/21/2014,13.99,14134950,13.76,14.44,13.6982
11/20/2014,13.3,5497758,13.26,13.54,13.14
11/19/2014,13.37,4135488,13.46,13.48,13.25
11/18/2014,13.48,5005856,13.08,13.565,13.08
11/17/2014,13.04,4051855,13.09,13.135,12.81
11/14/2014,13.14,4448481,12.87,13.15,12.76
11/13/2014,12.9,8116779,13,13.18,12.84
11/12/2014,13.33,2170012,13.25,13.38,13.189
11/11/2014,13.34,2998185,13.54,13.62,13.25
11/10/2014,13.57,3446016,13.38,13.57,13.36
11/7/2014,13.38,1861092,13.35,13.46,13.25
11/6/2014,13.37,2276935,13.59,13.621,13.34
11/5/2014,13.695,4226419,13.54,13.7,13.395
11/4/2014,13.5,2905223,13.49,13.57,13.37
11/3/2014,13.53,3847654,13.4,13.67,13.36
10/31/2014,13.44,4572762,12.91,13.44,12.885
10/30/2014,12.7,3860893,12.91,12.91,12.55
10/29/2014,12.98,3501544,13.02,13.14,12.88
10/28/2014,13.07,3721229,13.06,13.17,13.03
10/27/2014,13.03,2620816,13.04,13.05,12.91
10/24/2014,13.03,3012025,12.93,13.095,12.87
10/23/2014,12.89,3241386,12.81,12.945,12.74
10/22/2014,12.68,5263604,12.5,12.85,12.5
10/21/2014,12.75,3890272,12.58,12.81,12.56
10/20/2014,12.47,4385086,12.16,12.51,12.11
10/17/2014,12.15,5223456,12.23,12.445,12.14
10/16/2014,12.15,6702910,11.78,12.25,11.72
10/15/2014,11.91,7276011,11.72,11.99,11.65
10/14/2014,11.9,8071409,11.9,12.185,11.71
10/13/2014,11.67,13606670,12.18,12.26,11.65
10/10/2014,12.19,17568750,12.87,12.96,12.08
10/9/2014,13.13,4338118,13.35,13.35,13.04
10/8/2014,13.35,6072910,13.11,13.385,13
10/7/2014,13.04,6606175,13.1,13.24,13.03
10/6/2014,13.15,5677500,13.17,13.31,13.07
10/3/2014,13.18,4516502,13.21,13.325,13.05
10/2/2014,13.14,5150183,13.35,13.39,13.01
10/1/2014,13.37,6746822,13.43,13.43,13.18
9/30/2014,13.48,3659031,13.59,13.59,13.42
9/29/2014,13.58,2267997,13.53,13.655,13.49
9/26/2014,13.63,2755498,13.78,13.83,13.61
9/25/2014,13.72,10142190,13.74,13.83,13.57
9/24/2014,13.81,17087290,13.73,13.92,13.555
9/23/2014,13.39,4832518,13.54,13.63,13.39
9/22/2014,13.57,4570533,13.86,13.87,13.56
9/19/2014,13.95,5409621,13.92,13.975,13.77
9/18/2014,13.89,3557185,13.94,13.95,13.81
9/17/2014,13.85,9179023,13.89,14.09,13.81
9/16/2014,13.92,5870156,13.73,13.98,13.68
9/15/2014,13.73,4005111,13.85,13.87,13.6
9/12/2014,13.86,3893772,13.79,13.94,13.75
9/11/2014,13.89,2254769,13.78,13.95,13.78
9/10/2014,13.89,2909124,13.85,13.92,13.78
9/9/2014,13.89,4026069,13.99,14,13.85
9/8/2014,14.02,3710733,14.13,14.19,13.99
9/5/2014,14.13,5174682,14.12,14.25,14.1
9/4/2014,14.13,5395250,14.03,14.1472,13.95
9/3/2014,14.03,5131982,14.12,14.16,14.02
9/2/2014,13.85,4504300,13.94,13.96,13.8
8/29/2014,13.91,6446940,13.9,14.12,13.81
8/28/2014,13.92,5423359,13.65,13.93,13.65
8/27/2014,13.76,7166671,13.45,13.8,13.45
8/26/2014,13.49,4505292,13.54,13.57,13.44
8/25/2014,13.52,5674943,13.91,13.93,13.5
8/22/2014,13.87,12827570,13.6,13.94,13.38
8/21/2014,13.64,7868362,13.55,13.66,13.47
8/20/2014,13.54,4317723,13.52,13.725,13.46
8/19/2014,13.49,3011590,13.5,13.55,13.4
8/18/2014,13.43,4153644,13.34,13.44,13.3
8/15/2014,13.33,2851733,13.35,13.43,13.17
8/14/2014,13.33,4470664,13.29,13.51,13.2527
8/13/2014,13.26,4106423,13.11,13.3,13.11
